{
  "formulario": [
    {
      "id": "1",
      "nombre": "",
      "message": ""
    },
    {
      "nombre": "name",
      "message": "message",
      "id": "0X9jvO2"
    },
    {
      "nombre": "Gianina",
      "message": "Rossiasjidjasidlknajsd",
      "id": "09RNCsF"
    },
    {
      "nombre": "dasdas",
      "message": "asdasd",
      "id": "wyXFMmq"
    },
    {
      "nombre": "sdasd",
      "message": "asdasd",
      "id": "XJ5P1um"
    },
    {
      "nombre": "sadasd",
      "message": "asdasd",
      "id": "hENBSxN"
    },
    {
      "nombre": "asdasd",
      "message": "asdasd",
      "id": "pZqyTJo"
    },
    {
      "nombre": "asdad",
      "message": "asdasd",
      "id": "7KmHqrB"
    },
    {
      "nombre": "asdasd",
      "message": "ijfiajfijkdllskdal;skdlaksldkalsdkpwakdoejncjkwnioEFLQMAFCknfiewj'oflwmf",
      "id": "ZJBk3CM"
    },
    {
      "nombre": "asdasd",
      "message": "asdasd",
      "id": "ZDGfo2s"
    },
    {
      "nombre": "asdasd",
      "message": "asdasd",
      "id": "PUl5qbf"
    }
  ]
}